ID,SMILES,0.0.1uM_threshold,1.0uM_threshold,1.00uM_threshold,1.000uM_threshold
619,CCOC(=O)C=CC=CCC(C)CCCC(C)C,0.0,0.0,0.0,1.0
216,CC1=CC(=O)c2c(O)ccc(-c3ccc(O)c4c3C(=O)C(C)=CC4=O)c2C1=O,0.0,0.0,0.0,0.0
126,CO[C@H]1C[C@H](O[C@H]2[C@H](C)O[C@@H](O[C@@H]3/C(C)=C/C[C@@H]4C[C@@H](C[C@]5(C=C[C@H](C)[C@@H](C(C)C)O5)O4)OC(=O)[C@@H]4C=C(C)[C@@H](O)[C@H]5OC/C(=C\C=C\[C@@H]3C)[C@]54O)C[C@@H]2OC)O[C@@H](C)[C@@H]1O,1.0,1.0,1.0,1.0
500,CC(C=CCC(C)CCCC(C)C)=CC(=O)OCC(C)C,1.0,1.0,1.0,1.0
95,C=C(C)C1CCC2(C)OC2C1,0.0,0.0,0.0,0.0
142,O=C([O-])CCCc1nc(-c2ccc(I)cc2)no1,0.0,0.0,0.0,1.0
494,CSC(C)(C)CCCC(C)CC=CC(C)=CC(=O)OC(C)C,1.0,1.0,1.0,1.0
453,CCOC(=O)C(C)=CC=CCC(C)CCCC(C)C,1.0,1.0,1.0,1.0
16,CC1(C)C(C=C(Cl)Cl)C1C(=O)OC(C#N)c1ccc(F)c(Oc2ccccc2)c1,0.0,1.0,1.0,1.0
521,CCOC(=O)C=C(Cl)C=CCC(C)CCCC(C)C,0.0,1.0,1.0,1.0
455,COC(C)(C)CCCC(C)CC=CC(C)=CC(=O)OC(C)(C)C,1.0,1.0,1.0,1.0
513,CCC(=O)CC=C(C)C=CCC(C)CCCC(C)C,0.0,1.0,1.0,1.0
462,COC(C)(C)CCCC(C)CC=CC(C)=CC(=O)OC1CC1,1.0,1.0,1.0,1.0
37,CC(NC(=N)/N=C(\N)[N+](=O)[O-])Nc1cnc(Cl)s1,0.0,0.0,1.0,1.0
627,CC(C=CCC(C)CCCC(C)C)=CC(=O)O,0.0,0.0,0.0,1.0
534,CCNC(=O)C=C(C)C=CCC(C)CCCC(C)C,0.0,1.0,1.0,1.0
4,CC(C)C(C(=O)OC(C#N)c1cccc(Oc2ccccc2)c1)c1ccc(OC(F)F)cc1,1.0,1.0,1.0,1.0
29,Clc1ccc(C(c2ccc(Cl)cc2)C(Cl)(Cl)Cl)cc1,0.0,0.0,1.0,1.0
8,COP(=S)(OC)Oc1cc(Cl)c(Br)cc1Cl,1.0,1.0,1.0,1.0
526,CCOC(=O)C=C(C)C=CCC(C)CC1OC1C(C)C,0.0,1.0,1.0,1.0
96,Cc1ccc(N(C(=N)N(C)c2ccc(C)c(C)c2)c2ccc(C)c(C)c2)cc1,0.0,0.0,0.0,0.0
221,C=C(C(=O)OCC)C(O)c1ccccc1Cl,0.0,0.0,0.0,0.0
413,CC(C)[C@]12CC[C@](C)(CC1)O2,0.0,0.0,0.0,0.0
557,CCOC(=O)C=C(C)CCCC(C)CCCC(C)(C)Cl,0.0,1.0,1.0,1.0
174,Cc1ccc(-c2noc(CC(=O)O)n2)cc1,0.0,0.0,0.0,0.0
623,CCOC(=O)CC(C)(O)C=CCC(C)CCCC(C)C,0.0,0.0,0.0,1.0
484,CCCOC(=O)C=C(C)C=CCC(C)CCCC(C)C,1.0,1.0,1.0,1.0
43,CNC(=O)Oc1cccc2ccccc12,0.0,0.0,1.0,1.0
217,C=C(C(=O)OC)C(O)c1ccc(-c2ccccc2)cc1,0.0,0.0,0.0,0.0
1,CC1(C)[C@H](C=C(Cl)Cl)[C@@H]1C(=O)O[C@@H](C#N)c1cccc(Oc2ccccc2)c1,1.0,1.0,1.0,1.0
257,C=CC[C@]12C[C@@]3(OCOC3=CC1=O)[C@H](C)[C@@H]2c1cc(OC)c2c(c1)OCO2,0.0,0.0,0.0,0.0
447,COC(C)(C)CCCC(C)CC=CC(C)=CC(=O)OC(C)C,1.0,1.0,1.0,1.0
522,CCOC(=O)C=C(C)CCCC(C)CCCC(C)(C)OC,0.0,1.0,1.0,1.0
469,CC(=CCOc1ccc2c(c1)OCO2)CCC1OC1(C)C,1.0,1.0,1.0,1.0
625,CCOC(=O)C=C(C)C=CCCCc1ccccc1,0.0,0.0,0.0,1.0
614,CCCCCCCCC=CC(C)=CC(=O)OCC,0.0,0.0,0.0,1.0
516,COC(C)(C)CCCC(C)CC=CC(C)=CC(N)=O,0.0,1.0,1.0,1.0
506,CC(C=CCC(C)CCCC(C)C)=CC(=O)NC(C)C,1.0,1.0,1.0,1.0
520,CC(C=CCC(C)CCCC(C)C)=CC(=O)NCC(C)C,0.0,1.0,1.0,1.0
63,C/C=C/c1cc(OC)c(OC)cc1OC,0.0,0.0,0.0,0.0
83,C=C(C)C1CC=C(C)C(=O)C1,0.0,0.0,0.0,0.0
258,C=CCc1cc(OC)c(O[C@@H](C)Cc2cc(OC)c(OC)c(OC)c2)c(OC)c1,0.0,0.0,0.0,0.0
591,CC(C=CCC(C)CCCC(C)C)=CCOc1ccccc1,0.0,0.0,0.0,1.0
354,C=C(C(=O)OCC)C(O)c1nccs1,0.0,0.0,0.0,0.0
579,CCOC(=O)C=C(C)C=CCC(C)c1ccc(C(C)C)cc1,0.0,0.0,1.0,1.0
19,CC1(C)CN=C(NN=C(C=Cc2ccc(C(F)(F)F)cc2)C=Cc2ccc(C(F)(F)F)cc2)NC1,0.0,1.0,1.0,1.0
130,CC(C)CNC(=O)/C=C/C=C/CCCC/C=C/c1ccc2c(c1)OCO2,0.0,1.0,1.0,1.0
414,OCCC1(CCO)C[C@@H]2C=C[C@H]1C2,0.0,0.0,0.0,0.0
41,O=[N+]([O-])/N=C1\NCCN1Cc1ccc(Cl)nc1,0.0,0.0,1.0,1.0
105,N/C(S)=N/N=C/c1ccc(Cl)c(Cl)c1,0.0,0.0,0.0,1.0
586,CCOC(=O)C=C(C)CCC=C(C)CCCC(C)(C)OC(C)=O,0.0,1.0,1.0,1.0
562,C#CCOC(=O)C=C(C)C=CCC(C)CCCC(C)(C)OC,0.0,1.0,1.0,1.0
507,CCCC(=O)C=C(C)C=CCC(C)CCCC(C)(C)OC,1.0,1.0,1.0,1.0
409,Oc1cccc(O)c1,0.0,0.0,0.0,0.0
466,COC(C)(C)CCCC(C)CC=CC(C)=CC(=O)SC,1.0,1.0,1.0,1.0
508,COC(=O)CC=C(C)C=CCC(C)CCCC(C)C,0.0,1.0,1.0,1.0
631,C=CCCCCCCCCC=CC(C)=CC(=O)OCC,0.0,0.0,0.0,1.0
321,CCCNC(=O)c1c(CS(=O)(=O)c2ccccc2)noc1C(=O)NCc1ccccc1,0.0,0.0,0.0,0.0
124,NC(=S)N/N=C/c1ccc(O)cc1,0.0,0.0,0.0,0.0
412,OCC[C@@H]1[C@H](CCO)[C@@H]2C=C[C@H]1C2,0.0,0.0,0.0,0.0
161,Cc1ccc(-c2noc(CCC(=O)O)n2)cc1,0.0,0.0,0.0,0.0
431,Cc1ccc(C(C)C)c(OCC(=O)O)c1,0.0,0.0,0.0,0.0
476,COC(C)(C)CCCC(C)CC=CC(C)=CC(=O)SC(C)C,1.0,1.0,1.0,1.0
474,COC(C)(C)CCCC(C)CC=CC(C)=C(C)C(=O)C(C)C,1.0,1.0,1.0,1.0
569,CC(C=CCC(C)CCCC(C)C)=CC(=O)c1ccccc1,0.0,1.0,1.0,1.0
458,CC(C=CCC(C)CCCC(C)(C)Cl)=CC(=O)OC(C)C,1.0,1.0,1.0,1.0
380,O=C(CC[N+](=O)[O-])OC[C@H]1O[C@@H](OC(=O)CC[N+](=O)[O-])[C@H](OC(=O)CC[N+](=O)[O-])[C@@H](OC(=O)CC[N+](=O)[O-])[C@@H]1O,0.0,0.0,0.0,0.0
404,C=C1[C@H]2CC[C@H](C2)C1(C)C,0.0,0.0,0.0,0.0
176,O=C([O-])CCCc1nc(-c2ccccc2)no1,0.0,0.0,0.0,0.0
313,CC(C)CCNC(=O)c1c(CSc2ccccc2)noc1C(=O)NCc1ccccc1,0.0,0.0,0.0,0.0
473,CCC(=O)C=C(C)CCC=C(C)CCC1OC1(C)C,1.0,1.0,1.0,1.0
34,CNC(=O)Oc1cccc2c1OC(C)(C)O2,0.0,0.0,1.0,1.0
610,CCNC(=O)OC(C)(C)CCCC(C)CC=CC(C)=CC(=O)OCC,0.0,0.0,1.0,1.0
254,O=C(/C=C/C=C/CCCCCCc1ccc2c(c1)OCO2)N1CCCCC1,0.0,0.0,1.0,1.0
410,CC1(C)[C@@H]2CC[C@@]1(C)[C@H](O)C2,0.0,0.0,0.0,0.0
75,CC1=CCC(C(C)C)=CC1,0.0,0.0,0.0,0.0
10,CC1(C)[C@H](C=C(Cl)Cl)[C@H]1C(=O)O[C@@H](C#N)c1cccc(Oc2ccccc2)c1,1.0,1.0,1.0,1.0
600,CCOC(=O)C=C(C)CCCC(C)(C)CCCC(C)(C)C,0.0,0.0,0.0,1.0
140,O=C(O)CCc1nc(-c2ccc(Br)cc2)no1,0.0,0.0,0.0,1.0
199,CCCCCCCCCCCC[C@@H](O)[C@H]1CC[C@H]([C@H](O)CC[C@H](O)[C@@H]2CC[C@@H](CCCCCCCC3=C[C@H](C)OC3=O)O2)O1,0.0,0.0,1.0,1.0
70,O=c1[nH]c(Cl)c(Cl)cc1Cl,0.0,0.0,0.0,0.0
539,COC(C)(C)CCCC(C)CC(C)=CC(C)=CC(=O)OC(C)C,0.0,1.0,1.0,1.0
148,O=C(O)CCc1nc(-c2ccc(Cl)cc2)no1,0.0,0.0,0.0,0.0
12,COP(=S)(OC)Oc1ccc([N+](=O)[O-])c(C)c1,0.0,1.0,1.0,1.0
595,CC(C=CCC(C)CCCC(C)C)=CC(=O)Oc1ccccc1,0.0,0.0,1.0,1.0
280,CC(C)NC(=O)c1c(CSc2ccc(Cl)cc2)noc1C(=O)NCc1ccccc1,0.0,0.0,0.0,0.0
524,COC(C)(C)CCCC(C)CC=CC(C)=CC(=O)CC(C)C,0.0,1.0,1.0,1.0
195,C=CCCCCCCCCCCCC(O)CC(O)CO,0.0,1.0,1.0,1.0
613,CCOC(=O)C=C(C)C=CC(C)CCCC(C)C,0.0,0.0,0.0,1.0
482,CCOC(=O)C=C(C)C=CCC(C)C=CCC(C)C,1.0,1.0,1.0,1.0
180,OCCCc1cc(-c2ccccc2)no1,0.0,0.0,0.0,0.0
576,CCOC(=O)C=C(C)CCC=C(C)CCCC(C)C,0.0,1.0,1.0,1.0
141,O=C(O)CCCc1nc(-c2ccc(I)cc2)no1,0.0,0.0,0.0,1.0
581,CCC1(C)OC1CCC(C)=CCCC(C)=CC(=O)OC,0.0,1.0,1.0,1.0
47,Oc1ccc(O)c2ccccc12,0.0,0.0,0.0,1.0
117,NC(=S)N/N=C/c1ccc(F)cc1,0.0,0.0,0.0,0.0
80,Cc1cc(Cl)ccc1/N=C/N(C)C,0.0,0.0,0.0,0.0
587,CCOC(=O)C1CC1C=CCC(C)CCCC(C)C,0.0,0.0,1.0,1.0
198,CCCCCCCCCC[C@@H](O)[C@H]1CC[C@@H]([C@H]2CC[C@H]([C@H](O)CCC[C@H](O)CCCCCCCC3=C[C@H](C)OC3=O)O2)O1,0.0,0.0,1.0,1.0
256,C=CC[C@@]12C[C@]3(OCOC3=CC1=O)[C@@H](C)[C@@H]2c1cc(O)c2c(c1)OCO2,0.0,0.0,0.0,0.0
222,C=C(C(=O)OC)C(O)c1ccc(Cl)cc1,0.0,0.0,0.0,0.0
288,CCCNC(=O)c1c(CS(=O)(=O)c2ccc(Cl)cc2)noc1C(=O)NCc1ccccc1,0.0,0.0,0.0,0.0
556,CCC(=CCCC(C)=CC(=O)OC)CCC1OC1(C)CC,0.0,1.0,1.0,1.0
480,C#CCCOC(=O)C=C(C)C=CCC(C)CCCC(C)(C)OC,1.0,1.0,1.0,1.0
192,CC[C@H]1CCC[C@H](O[C@H]2CC[C@H](NC)[C@@H](C)O2)[C@@H](C)C(=O)C2=C[C@@H]3[C@@H](C=C[C@@H]4C[C@@H](O[C@@H]5O[C@@H](C)[C@H](OC)[C@@H](OC)[C@H]5OC)C[C@@H]34)[C@@H]2CC(=O)O1,1.0,1.0,1.0,1.0
157,O=C(O)CCc1nc(-c2ccc([N+](=O)[O-])cc2)no1,0.0,0.0,0.0,0.0
628,COC(C)(C)CCCC(C)CC=CC(C)=CC(=O)O,0.0,0.0,0.0,1.0
509,COC(C)(C)CCCC(C)CC=CC(C)=CC(=O)NC(C)C,1.0,1.0,1.0,1.0
602,COC(C)(C)CCCC(C)CC=CC(C)=CC(=O)NC1CC1,0.0,0.0,1.0,1.0
87,C=C(C)[C@@H]1CC=C(C)C(=O)C1,0.0,0.0,0.0,0.0
541,CCOC(=O)C=C(C)C=CCC(CC)CCCC(C)CC,0.0,1.0,1.0,1.0
419,C=CCc1ccc(OC(C)=O)c(OC)c1,0.0,0.0,0.0,0.0
459,CCOC(=O)C=C(C)C=CCC(C)CCCC(C)(C)OC,1.0,1.0,1.0,1.0
112,NC(=S)N/N=C/c1ccc(Cl)cc1,0.0,0.0,0.0,0.0
162,O=C(O)Cc1nc(-c2ccc(Br)cc2)no1,0.0,0.0,0.0,0.0
407,C=C(C)[C@@H]1CC[C@@]2(C)O[C@@H]2C1,0.0,0.0,0.0,0.0
542,C#CCSC(=O)C=C(C)C=CCC(C)CCCC(C)C,0.0,1.0,1.0,1.0
523,COC(C)(C)CCCC(C)CC=C(C)C(C)=CC(=O)C(C)C,0.0,1.0,1.0,1.0
584,CC#CCOC(=O)C=C(C)C=CCC(C)CCCC(C)C,0.0,0.0,1.0,1.0
626,CC(C=CCC(C)CCCC(C)C)=CC(=O)OCc1ccccc1,0.0,0.0,0.0,1.0
111,NC(=S)N/N=C/c1ccc(Br)cc1,0.0,0.0,0.0,0.0
449,CC(C=CCC(C)CCCC(C)(C)O)=CC(=O)OC(C)C,1.0,1.0,1.0,1.0
536,CCOC(=O)C=C(C)CCCC(C)CCCC(C)C,0.0,1.0,1.0,1.0
420,CCOc1cc(C)ccc1C(C)C,0.0,0.0,0.0,0.0
215,COC1=C(C)C(=O)c2cccc(O)c2C1=O,0.0,0.0,0.0,0.0
616,CCN(CC)C(=O)C=C(C)C=CCC(C)CCC=C(C)C,0.0,0.0,0.0,1.0
56,O=c1oc2ccccc2c(O)c1C1CC(c2ccc(-c3ccc(Br)cc3)cc2)Cc2ccccc21,0.0,0.0,0.0,1.0
460,CCSC(=O)C=C(C)C=CCC(C)CCCC(C)C,1.0,1.0,1.0,1.0
3,CC(C)=CC1[C@@H](C(=O)OCc2cccc(Oc3ccccc3)c2)C1(C)C,1.0,1.0,1.0,1.0
379,O=C(CC[N+](=O)[O-])OC[C@H]1O[C@@H](OC(=O)CC[N+](=O)[O-])[C@H](OC(=O)CC[N+](=O)[O-])[C@@H](O)[C@@H]1O,0.0,0.0,0.0,0.0
533,CCc1ccc(OCCC(CC)CCC2OC2(C)CC)cc1,0.0,1.0,1.0,1.0
86,C=C(C)[C@@H]1CC[C@]2(C(=O)O)CC[C@]3(C)[C@H](CC[C@@H]4[C@@]5(C)CC[C@H](O)C(C)(C)[C@@H]5CC[C@]43C)[C@@H]12,0.0,0.0,0.0,0.0
349,C=C(C(=O)OCC)C(O)c1ccc(OC)cc1,0.0,0.0,0.0,0.0
351,C=C(C(=O)OC)C(O)c1ccc(C)cc1,0.0,0.0,0.0,0.0
302,COCCNC(=O)c1c(CS(=O)(=O)c2ccccc2)noc1C(=O)NCc1ccccc1,0.0,0.0,0.0,0.0
580,COC(C)(C)CCCC(C)CC=CC(C)=CC(=O)N(C)C,0.0,1.0,1.0,1.0
24,CC[C@H]1CCC[C@H](O[C@H]2CC[C@H](N(C)C)[C@@H](C)O2)[C@@H](C)C(=O)C2=C[C@@H]3[C@@H](C=C(C)[C@@H]4C[C@@H](O[C@@H]5O[C@@H](C)[C@H](OC)[C@@H](OC)[C@H]5OC)C[C@@H]34)[C@@H]2CC(=O)O1,0.0,1.0,1.0,1.0
286,CC(C)NC(=O)c1c(CSc2ccccc2)noc1C(=O)NCc1ccccc1,0.0,0.0,0.0,0.0
239,COc1ccc(NC(=S)NCCN2CCOCC2)cc1Cl,0.0,0.0,0.0,0.0
106,NC(=S)N/N=C/COc1cccc(Cl)c1Cl,0.0,0.0,0.0,1.0
45,CCCCC/C=C/C=C/C(=O)NCC(C)C,0.0,0.0,1.0,1.0
470,C=CC(C)OC(=O)C=C(C)C=CCC(C)CCCC(C)(C)OC,1.0,1.0,1.0,1.0
545,CCOC(=O)C=C(C)C=CCC(C)CCC(O)C(C)C,0.0,1.0,1.0,1.0
477,CCOC(=O)C=C(C)C=CCC(C)CCCC(C)C,1.0,1.0,1.0,1.0
401,C=CCc1ccc(O[Si](C)(C)C(C)(C)C)c(OC)c1,0.0,0.0,0.0,0.0
481,C=C(C)CCCC(C)CC=CC(C)=CC(=O)OC(C)C,1.0,1.0,1.0,1.0
224,CC1=C[C@H]2[C@@H](C(C)C)CC[C@@](C)(O)[C@H]2CC1=O,0.0,0.0,0.0,0.0
577,CCNC(=O)OC(C)(C)CCCC(C)CC=CC(C)=CC(=O)OC(C)C,0.0,1.0,1.0,1.0
408,C=C(C)[C@@H]1CC[C@@H](C)C[C@@H]1O,0.0,0.0,0.0,0.0
54,CC(C)=CCC1=C(O)C(=O)c2ccccc2C1=O,0.0,0.0,0.0,1.0
548,CCOC(=O)C=C(C)C=CCC(C)CCC1OC1(C)C,0.0,1.0,1.0,1.0
204,CCCCCCCCCCCCCCCC(O)CC(O)CO,0.0,0.0,1.0,1.0
167,O=C([O-])CCCc1nc(-c2ccc3c(c2)OCO3)no1,0.0,0.0,0.0,0.0
160,Cc1cccc(-c2noc(CCC(=O)O)n2)c1,0.0,0.0,0.0,0.0
355,C=C(C(=O)OC)C(O)c1ccc(F)cc1,0.0,0.0,0.0,0.0
103,NC(=S)N/N=C/COc1ccc(Cl)c(Cl)c1,0.0,0.0,0.0,1.0
345,C=C(C(=O)OC)C(O)/C=C/c1ccccc1,0.0,0.0,0.0,0.0
437,CC1(C)[C@@H]2CC[C@@]1(C)[C@@H](O)C2,0.0,0.0,0.0,0.0
40,CNC(=O)c1cc(Cl)cc(C)c1NC(=O)c1cc(Br)nn1-c1ncccc1Cl,0.0,0.0,1.0,1.0
567,CCOC(=O)C=C(C)CCCC(C)CCC=C(C)C,0.0,1.0,1.0,1.0
392,C=C(C)[C@@H]1CC[C@@H](C)C(=O)C1,0.0,0.0,0.0,0.0
169,Cc1cccc(-c2noc(CCCC(=O)[O-])n2)c1,0.0,0.0,0.0,0.0
182,COc1ccc(-c2noc(CCCC(=O)[O-])n2)cc1,0.0,0.0,0.0,0.0
97,C=C(C)[C@H]1CC[C@H](C)C[C@H]1O,0.0,0.0,0.0,0.0
398,Oc1ccccc1,0.0,0.0,0.0,0.0
436,Cc1ccc(C(C)C)cc1OC(=O)c1ccccc1,0.0,0.0,0.0,0.0
421,COc1cc(CCCO)ccc1O,0.0,0.0,0.0,0.0
42,O=C1C=CC(=O)c2ccccc21,0.0,0.0,0.0,1.0
596,CCOC(=O)C=C(C)C=CCC(C)CCC(=O)C(C)C,0.0,0.0,1.0,1.0
55,c1cc2c(cc1[C@H]1OC[C@@H]3[C@H]1CO[C@H]3c1ccc3c(c1)OCO3)OCO2,0.0,0.0,0.0,1.0
377,Fc1cc(F)c2c(c1)[C@@H]1C=CC[C@@H]1[C@H](c1cncs1)N2,0.0,0.0,0.0,0.0
479,CCC(=O)C=C(C)CCC=C(CC)CCC1OC1(C)CC,1.0,1.0,1.0,1.0
423,CCCCCCCC(C)=O,0.0,0.0,0.0,0.0
296,C=CCNC(=O)c1c(CSc2ccccc2)noc1C(=O)NCc1ccccc1,0.0,0.0,0.0,0.0
454,CCc1ccc(OCC=C(C)CCC2OC2(C)C)cc1,1.0,1.0,1.0,1.0
605,CCOCC=C(C)C=CCC(C)CCCC(C)C,0.0,0.0,0.0,1.0
448,CCOC(C)(C)CCCC(C)CC=CC(C)=CC(=O)OC(C)C,1.0,1.0,1.0,1.0
197,C=C(C)[C@H]1Cc2c(ccc3c2O[C@@H]2COc4cc(OC)c(OC)cc4[C@@H]2C3=O)O1,0.0,0.0,1.0,1.0
568,COC(C)(C)C(O)CCC(C)CC=CC(C)=CC(=O)OC(C)C,0.0,1.0,1.0,1.0
107,NC(=S)N/N=C/COc1ccc(Cl)cc1,0.0,0.0,0.0,1.0
546,CCOC(=O)C=C(C)CCC=C(C)CCCC(C)(C)OC,0.0,1.0,1.0,1.0
132,C=CCCCCCCCCCCC1=C[C@H](C)OC1=O,0.0,0.0,1.0,1.0
583,CCOC(=O)C=C(C)CCCC(C)CCC1OC1(C)C,0.0,0.0,1.0,1.0
547,CCOC(=O)C=C(C)C=CCC(C)CCC=C(C)C,0.0,1.0,1.0,1.0
158,COC(=O)CCCc1nc(-c2ccccc2)no1,0.0,0.0,0.0,0.0
62,C=C(C)[C@H]1CC=C(C)CC1,0.0,0.0,0.0,0.0
530,CCC(C)C(=O)C=C(C)C=CCC(C)CCCC(C)(C)OC,0.0,1.0,1.0,1.0
277,CCCCNC(=O)c1c(CSc2ccc(Cl)cc2)noc1C(=O)NCc1ccccc1,0.0,0.0,0.0,0.0
175,O=C(O)CCCc1nc(-c2ccccc2)no1,0.0,0.0,0.0,0.0
225,CC(C)[C@@H]1CC[C@@](C)(O)[C@]2(O)[C@@H](O)C[C@@H](C)C[C@@H]12,0.0,0.0,0.0,0.0
495,C=C(C)CCCC(C)CC=CC(C)=CC(=O)OCC,1.0,1.0,1.0,1.0
422,Cc1ccc(C(C)C)cc1OCC(=O)O,0.0,0.0,0.0,0.0
617,CCNC(=O)C=C(C)C=CCC(C)CCCC(C)(C)C,0.0,0.0,0.0,1.0
129,CC(C)CNC(=O)/C=C/C=C/CC/C=C/c1ccc2c(c1)OCO2,0.0,1.0,1.0,1.0
65,C=C(C)[C@@H]1CC=C(C)CC1,0.0,0.0,0.0,0.0
94,CC(C)[C@@H]1CC[C@@H](C)C[C@H]1O,0.0,0.0,0.0,0.0
461,CCC(C)OC(=O)C=C(C)C=CCC(C)CCCC(C)(C)OC,1.0,1.0,1.0,1.0
172,COc1ccc(C(C#N)N2CCCCC2)cc1OC,0.0,0.0,0.0,0.0
181,O=C(O)Cc1nc(-c2ccccc2)no1,0.0,0.0,0.0,0.0
39,CCN(Cc1ccc(Cl)nc1)/C(=C/[N+](=O)[O-])NC,0.0,0.0,1.0,1.0
17,CCOP(=S)(OCC)Oc1nc(Cl)c(Cl)cc1Cl,0.0,1.0,1.0,1.0
346,C=C(C(=O)OC)C(O)c1cc(OC)c(OC)c(OC)c1,0.0,0.0,0.0,0.0
451,CCSC(=O)C=C(C)C=CCC(C)CCCC(C)(C)OC,1.0,1.0,1.0,1.0
85,O=c1ccc2ccc(O)cc2o1,0.0,0.0,0.0,0.0
505,CC(C)=CCCC(C)CC=CC(C)=CC(=O)OC(C)C,1.0,1.0,1.0,1.0
303,CCCCNC(=O)c1c(CSc2ccccc2)noc1C(=O)NCc1ccccc1,0.0,0.0,0.0,0.0
69,CCOc1ccc2ccc(=O)oc2c1,0.0,0.0,0.0,0.0
558,C=C(C)CCCC(C)=CCCC(C)=CC(=O)OCC,0.0,1.0,1.0,1.0
394,O=Cc1ccccc1O,0.0,0.0,0.0,0.0
279,C=CCNC(=O)c1c(CSc2ccc(Cl)cc2)noc1C(=O)NCc1ccccc1,0.0,0.0,0.0,0.0
630,CCOC(=O)C=C(C)CCCC(C)CCCC(C)(C)O,0.0,1.0,1.0,1.0
212,CC1=CC(=O)c2c(ccc(O)c2O)C1=O,0.0,0.0,0.0,1.0
597,CCOC(=O)C=C(C)C=CC=C(C)CCC=C(C)C,0.0,0.0,0.0,1.0
489,CCC(C)OC(=O)C=C(C)C=CCC(C)CCCC(C)C,1.0,1.0,1.0,1.0
475,CSC(=O)C=C(C)C=CCC(C)CCCC(C)C,1.0,1.0,1.0,1.0
478,CCOC(=O)C=C(C)C=CCC(C)CCCC(C)(C)Cl,1.0,1.0,1.0,1.0
350,C=C(C(=O)OCC)C(O)c1ccc([N+](=O)[O-])cc1,0.0,0.0,0.0,0.0
575,CCOC(=O)C=C(C)C=CCC(C)CCC(SCC)C(C)C,0.0,1.0,1.0,1.0
171,O=C(O)CCc1cc(-c2ccccc2)no1,0.0,0.0,0.0,0.0
492,C=CCOC(=O)C=C(C)C=CCC(C)CCCC(C)C,1.0,1.0,1.0,1.0
151,COC(=O)CCc1nc(-c2ccccc2)no1,0.0,0.0,0.0,0.0
535,CCSC(=O)C=C(C)C=CCC(C)CCCC(C)(C)OC(C)=O,0.0,1.0,1.0,1.0
137,O=C(O)CCCc1nc(-c2ccc(Br)cc2)no1,0.0,0.0,0.0,1.0
465,CCOC(=O)C=C(C)C=CCC(C)CCCC(C)(C)O,1.0,1.0,1.0,1.0
618,COCC=C(C)C=CCC(C)CCCC(C)C,0.0,0.0,0.0,1.0
194,CCCCCCCCCC[C@H](O)[C@H]1CC[C@H]([C@H](O)CC[C@H](O)[C@@H]2CC[C@@H](CCCCCCC[C@@H](O)CC3=C[C@H](C)OC3=O)O2)O1,0.0,1.0,1.0,1.0
565,CCC(=O)C=C(C)C=CCC(C)CCCC(C)(C)C,0.0,1.0,1.0,1.0
2,CC(C)C(C(=O)OC(C#N)c1cccc(Oc2ccccc2)c1)c1ccc(Cl)cc1,1.0,1.0,1.0,1.0
456,CCC(=O)C=C(C)C=CCC(C)CCCC(C)(C)OC,1.0,1.0,1.0,1.0
606,CCOC(=O)C=C(C)C=CCC(C)CCC(OC)C(C)(C)OC,0.0,0.0,0.0,1.0
609,CCOC(C)(C)CCCC(C)=CCOc1ccc(C(C)C)cc1,0.0,0.0,1.0,1.0
517,CCOC(=O)C=C(C)C=CCC(C)CCCC(C)(C)C,0.0,1.0,1.0,1.0
241,COc1ccc(NC(=S)NCCN(C)C)cc1,0.0,0.0,0.0,0.0
152,CC[C@H](C)[C@H]1OC(=O)[C@H](Cc2ccccc2)N(C)C(=O)[C@@H](C(C)C)OC(=O)[C@H](Cc2ccccc2)N(C)C(=O)[C@@H](C(C)C)OC(=O)[C@H](Cc2ccccc2)N(C)C1=O,0.0,0.0,0.0,1.0
406,CC(C)[C@@H]1CC[C@@H](C)CC1=O,0.0,0.0,0.0,0.0
551,C=CCSC(=O)C=C(C)C=CCC(C)CCCC(C)C,0.0,1.0,1.0,1.0
391,CC(=O)Oc1cc(C(C)C)ccc1C,0.0,0.0,0.0,0.0
35,CC1(C)[C@H](C(=O)O[C@H](C#N)c2cccc(Oc3ccccc3)c2)[C@@H]1C=C(Br)Br,0.0,0.0,0.0,1.0
72,C=CCc1ccc(OC)c(OC)c1,0.0,0.0,0.0,0.0
205,CC1=C[C@@H]2[C@@H](CC1)[C@](C)(O)CC[C@H]2C(C)C,0.0,0.0,1.0,1.0
471,COC(CCC(C)CC=CC(C)=CC(=O)OC(C)C)C(C)C,1.0,1.0,1.0,1.0
592,CCOC(=O)C=C(C)C#CCC(C)CCCC(C)C,0.0,0.0,1.0,1.0
113,NC(=S)N/N=C/C=C/c1ccccc1,0.0,0.0,0.0,0.0
515,CC=CCOC(=O)C=C(C)C=CCC(C)CCCC(C)(C)OC,0.0,1.0,1.0,1.0
93,C=C(C)C1CCC(C)CC1O,0.0,0.0,0.0,0.0
156,O=C(O)Cc1nc(-c2ccc(Cl)cc2)no1,0.0,0.0,0.0,0.0
22,CCN(CC)c1nc(C)cc(OP(=S)(OC)OC)n1,0.0,1.0,1.0,1.0
11,CCOc1ccc(C(C)(C)COCc2cccc(Oc3ccccc3)c2)cc1,1.0,1.0,1.0,1.0
6,CC(C)=CC1C(C(=O)OCc2coc(Cc3ccccc3)c2)C1(C)C,1.0,1.0,1.0,1.0
81,CCCCCCCCCCCCCCC,0.0,0.0,0.0,0.0
166,O=C(O)CCCc1nc(-c2ccc3c(c2)OCO3)no1,0.0,0.0,0.0,0.0
136,COC(=O)CCCc1nc(-c2ccc(Cl)c(Cl)c2)no1,0.0,0.0,0.0,1.0
101,Cc1[nH]c2ccc(Br)cc2c1C,0.0,0.0,0.0,1.0
92,CC(C)=CCCC(C)CC=O,0.0,0.0,0.0,0.0
525,CCOC(=O)C=C(C)C=CCC(C)CCCC(C)(C)OC(C)=O,0.0,1.0,1.0,1.0
561,CCOC(=O)C=C(C)CCCC(C)CCCC(C)(C)OC(C)=O,0.0,1.0,1.0,1.0
88,C/C=C/c1ccc(OC)cc1,0.0,0.0,0.0,0.0
543,CCNC(=O)C=C(C)C=CCC(C)CCCC(C)(C)O,0.0,1.0,1.0,1.0
252,CC(C)NC(=O)/C=C/C=C/CCCCCCc1ccc2c(c1)OCO2,0.0,0.0,1.0,1.0
518,CCSC(=O)C=C(C)C=CCC(C)CCCC(C)(C)C,0.0,1.0,1.0,1.0
74,COc1cc(OC)c2ccc(=O)oc2c1,0.0,0.0,0.0,0.0
362,Fc1cc(F)c2c(c1)[C@@H]1C=CC[C@@H]1[C@H](c1ccc(CNCc3ccc4ccccc4c3)cc1)N2,0.0,0.0,0.0,0.0
624,CCOC(=O)C=C(C)CCCC(C)(Cl)CCCC(C)(C)Cl,0.0,0.0,0.0,1.0
390,Cc1ccc(C(C)C)c(OC(=O)c2ccccc2)c1,0.0,0.0,0.0,0.0
564,CCc1ccc(OCCC(C)CCC2OC2(C)C)cc1,0.0,1.0,1.0,1.0
582,CCN(CC)C(=O)C=C(C)C=CCC(C)CCCC(C)(C)OC,0.0,1.0,1.0,1.0
611,COC(C)(C)CCCC(C)CC=CC(C)=CCO,0.0,0.0,1.0,1.0
514,COC(C)(C)CCCC(C)CC=CC(C)=CC#N,0.0,1.0,1.0,1.0
622,CCOC(C)(C)CCCC(C)=CCOc1ccc(Cl)cc1,0.0,0.0,0.0,1.0
123,NC(=O)N/N=C/c1ccc(Cl)c(Cl)c1,0.0,0.0,0.0,0.0
397,COc1cc(CCCO)ccc1OC(=O)c1ccccc1,0.0,0.0,0.0,0.0
259,CC(C)c1ccc(/C=N\NC(=O)CCC2CCCCC2)cc1,0.0,0.0,0.0,0.0
501,CC(C=CCC(C)CCCC(C)C)=CC(=O)SC(C)C,1.0,1.0,1.0,1.0
552,CC(C=CCC(C)CCCC(C)C)=CC(=O)N(C)C,0.0,1.0,1.0,1.0
588,COCC=C(C)C=CCC(C)CCCC(C)(C)OC,0.0,0.0,1.0,1.0
589,COC(C)(C)CCCC(C)CCOc1ccc(C(C)C)cc1,0.0,0.0,1.0,1.0
499,CCC(C=CCC(C)CCCC(C)(C)OC)=CC(=O)OC(C)C,1.0,1.0,1.0,1.0
23,CC[C@H]1CCC[C@H](O[C@H]2CC[C@H](N(C)C)[C@@H](C)O2)[C@@H](C)C(=O)C2=C[C@@H]3[C@@H](C=C[C@@H]4C[C@@H](O[C@@H]5O[C@@H](C)[C@H](OC)[C@@H](OC)[C@H]5OC)C[C@@H]34)[C@@H]2CC(=O)O1,0.0,1.0,1.0,1.0
263,C=CCNC(=O)c1c(CS(=O)(=O)c2ccc(Cl)cc2)noc1C(=O)NCc1ccccc1,0.0,0.0,0.0,0.0
615,COC(C)(C)CCCC(C)CC=CC(C)=CCOC(C)=O,0.0,0.0,0.0,1.0
468,CCCOC(=O)C=C(C)C=CCC(C)CCCC(C)(C)OC,1.0,1.0,1.0,1.0
432,Cc1ccc(C(C)C)cc1O,0.0,0.0,0.0,0.0
488,COC(C)(C)CCCC(C)CC=CC(C)=CC(=O)OC1CCCC1,1.0,1.0,1.0,1.0
593,COC(C)(C)CCCC(C)CC=CC(C)=CC(=O)OCCC(C)C,0.0,0.0,1.0,1.0
119,COc1ccc(OC/C=N/NC(N)=S)cc1,0.0,0.0,0.0,0.0
121,NC(=S)N/N=C/c1ccc([N+](=O)[O-])c(Br)c1,0.0,0.0,0.0,0.0
400,Oc1ccccc1O,0.0,0.0,0.0,0.0
402,C=C(C)[C@@H]1CC[C@@H](C)C[C@H]1O,0.0,0.0,0.0,0.0
463,C=CCSC(=O)C=C(C)C=CCC(C)CCCC(C)(C)OC,1.0,1.0,1.0,1.0
411,CC1(C)[C@@H]2CC[C@@]1(C)C(=O)C2,0.0,0.0,0.0,0.0
529,CC(C=CCC(C)CCCC(C)C)=CC(=O)OC(C)(C)C,0.0,1.0,1.0,1.0
457,CC(C=CCC(C)CCCC(C)C)=CC(=O)OC(C)C,1.0,1.0,1.0,1.0
193,C#CCCCCCCCCCCCC(O)CC(O)CO,0.0,1.0,1.0,1.0
189,NC(=S)N/N=C/c1cccc(/C=N/NC(N)=S)c1,0.0,0.0,0.0,0.0
555,COC(=O)C=C(C)C=CCC(C)CCCC(C)C,0.0,1.0,1.0,1.0
452,CCOC(=O)C=C(C)C=CCC(C)CCCC(C)(C)OCC,1.0,1.0,1.0,1.0
164,Cc1ccccc1-c1noc(CCC(=O)O)n1,0.0,0.0,0.0,0.0
61,O=c1ccc2ccc3occc3c2o1,0.0,0.0,0.0,0.0
594,C=CCNC(=O)C=C(C)C=CCC(C)CCCC(C)C,0.0,0.0,1.0,1.0
531,CCc1ccc(OCCC(C)CCCC(C)(C)OC)cc1,0.0,1.0,1.0,1.0
433,Cc1ccc(C(C)C)cc1OC(=O)C(Cl)Cl,0.0,0.0,0.0,0.0
429,Cc1ccc(C(C)C)c(OC(=O)C(Cl)(Cl)Cl)c1,0.0,0.0,0.0,0.0
395,CC1=CC[C@@H]2[C@@H](C1)C2(C)C,0.0,0.0,0.0,0.0
571,CCOC(=O)C=C1C=C(OC(C)CCCC(C)C)CCC1,0.0,1.0,1.0,1.0
331,C=CCNC(=O)c1c(CS(=O)(=O)c2ccccc2)noc1C(=O)NCc1ccccc1,0.0,0.0,0.0,0.0
255,C=CC[C@]12C[C@@]3(OCOC3=CC1=O)[C@H](C)[C@@H]2c1cc(OC)c(OC)c(OC)c1,0.0,0.0,0.0,0.0
620,CCN(CC)C(=O)C=C(C)C=CCC(C)CCC1OC1(C)C,0.0,0.0,0.0,1.0
14,COP(=S)(OC)Oc1ccc(SC)c(C)c1,0.0,1.0,1.0,1.0
528,CC(C=CCC(C)CCCC(C)C)=CC(=O)C1N=N1,0.0,1.0,1.0,1.0
554,COC(CCC(C)CC=CC(C)=CC(=O)OC(C)C)C(C)(C)OC,0.0,1.0,1.0,1.0
116,NC(=S)N/N=C/COc1cccc(Cl)c1,0.0,0.0,0.0,0.0
30,CCOC(=O)CC(SP(=S)(OC)OC)C(=O)OCC,0.0,0.0,1.0,1.0
527,C#CCSC(=O)C=C(C)C=CCC(C)CCCC(C)(C)OC,0.0,1.0,1.0,1.0
537,CCC(=O)C=C(C)C=CCC(C)CCCC(C)(C)O,0.0,1.0,1.0,1.0
485,C=CCOC(=O)C=C(C)C=CCC(C)CCCC(C)(C)OC,1.0,1.0,1.0,1.0
585,CCOC(=O)C=C(C)CCCCC(C)CCC=C(C)C,0.0,0.0,1.0,1.0
139,COC(=O)CCc1cc(-c2ccccc2)no1,0.0,0.0,0.0,1.0
487,CCOC(=O)C=C(C)COc1ccc(Cc2ccccc2)cc1,1.0,1.0,1.0,1.0
51,O=C1C(Cl)=C(N2CCCC2)C(=O)c2ccccc21,0.0,0.0,0.0,1.0
89,CC1=CCC2C(C1)C2(C)C,0.0,0.0,0.0,0.0
572,CC(C=CCC(C)CCCC(C)C)=CC(=O)CC(C)C,0.0,1.0,1.0,1.0
428,COc1ccccc1O,0.0,0.0,0.0,0.0
138,O=C([O-])CCCc1nc(-c2ccc(Br)cc2)no1,0.0,0.0,0.0,1.0
98,C/C(=N\NC(N)=S)C(C)Oc1ccc(Cl)c(Cl)c1,0.0,0.0,1.0,1.0
549,CCOC(=O)C=C(C)C=CC(C)C(C)CCCC(C)C,0.0,1.0,1.0,1.0
578,CCOC(C)(C)CCCC(C)=CCOc1ccc2c(c1)OCO2,0.0,1.0,1.0,1.0
573,CCOC(=O)C=C(C)C1CC1CC(C)CCCC(C)C,0.0,1.0,1.0,1.0
219,CCCCCCCCCCCCC[C@@H](O)[C@H]1CC[C@H]([C@H](O)CCCC[C@H](O)CCCCCC2CC(CC(C)=O)C(=O)O2)O1,0.0,0.0,0.0,1.0
512,CCCCOC(=O)C=C(C)C=CCC(C)CCCC(C)(C)OC,1.0,1.0,1.0,1.0
629,CCOC(=O)C=C(C)C=CCC(C)(C)CCCC(C)(C)C,0.0,0.0,0.0,1.0
59,COc1ccc2ccc(=O)oc2c1CC=C(C)C,0.0,0.0,0.0,1.0
240,COc1ccccc1NC(=S)NCCN(C)C,0.0,0.0,0.0,0.0
405,C=C(C)[C@@H]1CC(=O)[C@@H](C)[C@H](C#N)C1,0.0,0.0,0.0,0.0
298,CCCNC(=O)c1c(CSc2ccccc2)noc1C(=O)NCc1ccccc1,0.0,0.0,0.0,0.0
168,Cc1cccc(-c2noc(CCCC(=O)O)n2)c1,0.0,0.0,0.0,0.0
504,CCOC(=O)C=C(C)CCc1ccc(Oc2ccccc2)cc1,1.0,1.0,1.0,1.0
146,CC(C)[C@@H]1OC(=O)[C@@H](Cc2ccccc2)N(C)C(=O)[C@H](C(C)C)OC(=O)[C@@H](Cc2ccccc2)N(C)C(=O)[C@H](C(C)C)OC(=O)[C@@H](Cc2ccccc2)N(C)C1=O,0.0,0.0,0.0,1.0
28,C/N=C(/NCC1CCOC1)N[N+](=O)[O-],0.0,0.0,1.0,1.0
604,CCOC(=O)C=C(C)C(O)CCC(C)CCCC(C)C,0.0,0.0,1.0,1.0
566,CCOC(=O)C=C(C)C=CCC(C)CCCC(C)(C)SC,0.0,1.0,1.0,1.0
403,CC(C)[C@H]1CC[C@@H](C)C[C@H]1O,0.0,0.0,0.0,0.0
33,N#C/N=C1\SCCN1Cc1ccc(Cl)nc1,0.0,0.0,1.0,1.0
165,COc1ccc(-c2noc(CCC(=O)O)n2)cc1,0.0,0.0,0.0,0.0
544,CC(C=CCC(C)CCCC(C)C)=CC#N,0.0,1.0,1.0,1.0
57,CC[C@H](CC[C@@H](C)[C@H]1CC[C@H]2[C@@H]3CC=C4C[C@@H](O)CC[C@]4(C)[C@H]3CC[C@]12C)C(C)C,0.0,0.0,0.0,1.0
612,CCOC(=O)CC(C)C=CCC(C)CCCC(C)C,0.0,0.0,0.0,1.0
540,CC(C=CCC(C)CCCC(C)(C)C)=CC(=O)OC(C)C,0.0,1.0,1.0,1.0
497,COC(C)(C)CCCC(C)CC=CC(C)=CC(=O)C1N=N1,1.0,1.0,1.0,1.0
31,CC(C)c1cc(Oc2ccccc2)cc(C(C)C)c1NC(=S)NC(C)(C)C,0.0,0.0,1.0,1.0
357,C=C(C(=O)OC)C(O)c1ccc(Br)cc1,0.0,0.0,0.0,0.0
71,COc1ccc2ccc(=O)oc2c1,0.0,0.0,0.0,0.0
503,COC(C)(C)CCCC(C)CCC=CC(C)=CC(=O)OC(C)C,0.0,1.0,1.0,1.0
601,CCNC(=O)C=C(C)C=CCC(C)CCC=C(C)C,0.0,0.0,1.0,1.0
574,C#CCOC(=O)C=C(C)C=CCC(C)CCCC(C)C,0.0,1.0,1.0,1.0
108,NC(=S)N/N=C/COc1ccc(Br)cc1,0.0,0.0,0.0,1.0
122,Cc1[nH]c2c(C(=O)O)cccc2c1C,0.0,0.0,0.0,0.0
207,CC(C)c1cc2c(cc1O)[C@@]1(C)CCCC(C)(C)[C@@H]1CC2,0.0,0.0,0.0,1.0
133,CC(C)CNC(=O)/C=C/C=C/CCCCCC/C=C/c1ccc2c(c1)OCO2,0.0,0.0,1.0,1.0
621,CC(C=CCC(C)CCCC(C)C)=CCO,0.0,0.0,0.0,1.0
5,N#Cc1nn(-c2c(Cl)cc(C(F)(F)F)cc2Cl)c(N)c1[S+]([O-])C(F)(F)F,1.0,1.0,1.0,1.0
519,CCCC(=O)C=C(C)C=CCC(C)CCCC(C)C,0.0,1.0,1.0,1.0
67,Bc1ccc(-c2ccc(C3Cc4ccccc4C(c4c(O)sc5ccccc5c4=O)C3)cc2)cc1,0.0,0.0,0.0,0.0
77,CC(C)=C1CC[C@@H](C)CC1=O,0.0,0.0,0.0,0.0
18,CCOP(=S)(OCC)Oc1ccc([N+](=O)[O-])cc1,0.0,1.0,1.0,1.0
599,CCNCC=C(C)C=CCC(C)CCCC(C)C,0.0,0.0,0.0,1.0
91,C=C(C)[C@H]1CC(=O)[C@]2(C)O[C@@H]2C1,0.0,0.0,0.0,0.0
559,CCOC(=O)C=C(C)C=CCC(C)CC=CC(C)C,0.0,1.0,1.0,1.0
25,CCO[C@@H]1[C@@H](OC)[C@H](C)O[C@@H](OC2C[C@H]3CC[C@H]4C5CC(=O)O[C@@H](CC)CCC[C@H](O[C@H]6CC[C@H](N(C)C)[C@@H](C)O6)[C@@H](C)C(=O)C5=C[C@H]4[C@@H]3C2)[C@@H]1OC,0.0,1.0,1.0,1.0
73,Cc1ccc(C(C)C)c(O)c1,0.0,0.0,0.0,0.0
82,C[C@H]1[C@H](C)CC[C@]2(C(=O)O)CC[C@]3(C)C(=CC[C@@H]4[C@@]5(C)CC[C@H](O)C(C)(C)C5CC[C@]43C)[C@H]12,0.0,0.0,0.0,0.0
220,C=C(C(=O)OC)C(O)c1ccc2ccccc2c1,0.0,0.0,0.0,0.0
598,CCOC(=O)C=C(C)C=CCCCCCC(C)CC,0.0,0.0,1.0,1.0
49,COP(=S)(OC)Oc1ccc(Sc2ccc(OP(=S)(OC)OC)cc2)cc1,0.0,0.0,1.0,1.0
425,C=C1[C@@H]2CC[C@@H](C2)C1(C)C,0.0,0.0,0.0,0.0
510,CCOC(=O)C1=C(C)C(=CCC(C)CCCC(C)C)CC1,0.0,1.0,1.0,1.0
486,CC(=O)OC(C)(C)CCCC(C)CC=CC(C)=CC(=O)OC(C)C,1.0,1.0,1.0,1.0
213,CC(=O)O[C@H]1C[C@@H](OC(C)=O)[C@@]2(C)CO[C@@H]3[C@@H](O)[C@@]4(C)C5=CC[C@@H](c6ccoc6)[C@]5(C)CC[C@@H]4[C@]1(C)[C@@H]32,0.0,0.0,0.0,1.0
444,C=CCc1ccc(OC(=O)c2ccccc2)c(OC)c1,0.0,0.0,0.0,0.0
441,CCC(=O)Oc1cc(C(C)C)ccc1C,0.0,0.0,0.0,0.0
90,C=CCc1ccc(O)c(OC)c1,0.0,0.0,0.0,0.0
608,CCOC(=O)C=C(C)C1OC1CC(C)CCCC(C)C,0.0,0.0,1.0,1.0
563,CCOC(=O)C=C(C)CCC=C(C)CCCC(C)(C)O,0.0,1.0,1.0,1.0
125,NC(=O)N/N=C/c1ccc(F)cc1,0.0,0.0,0.0,0.0
218,CC1=C[C@@H]2[C@@H](CC1=O)[C@](C)(O)CC[C@H]2C(C)C,0.0,0.0,0.0,0.0
388,Cc1ccc(C(C)C)cc1,0.0,0.0,0.0,0.0
424,C=CCc1ccc(OCC(=O)O)c(OC)c1,0.0,0.0,0.0,0.0
210,CC1=CC(=O)c2c(O)cccc2C1=O,0.0,0.0,0.0,1.0
295,COCCNC(=O)c1c(CS(=O)(=O)c2ccc(Cl)cc2)noc1C(=O)NCc1ccccc1,0.0,0.0,0.0,0.0
607,CCC(=CC(=O)OC)CCC=C(CC)CCC1OC1(C)CC,0.0,0.0,1.0,1.0
434,COc1cc(C=O)ccc1O,0.0,0.0,0.0,0.0
58,O=C1C(Cl)=C(N2CCOCC2)C(=O)c2ccccc21,0.0,0.0,0.0,1.0
283,CCCCNC(=O)c1c(CS(=O)(=O)c2ccccc2)noc1C(=O)NCc1ccccc1,0.0,0.0,0.0,0.0
15,CC1(C)C(C=C(Cl)Cl)C1C(=O)OCc1cccc(Oc2ccccc2)c1,0.0,1.0,1.0,1.0
438,C=CCc1ccc(OC(=O)CC)c(OC)c1,0.0,0.0,0.0,0.0
490,CCOC(C)(C)CCCC(C)=CCOc1ccc(CC)cc1,1.0,1.0,1.0,1.0
560,CCN(CC)C(=O)C=C(C)C=CCC(C)CCCC(C)C,0.0,1.0,1.0,1.0
330,CCCCNC(=O)c1c(CS(=O)(=O)c2ccc(Cl)cc2)noc1C(=O)NCc1ccccc1,0.0,0.0,0.0,0.0
472,CCOC(C)(C)CCCC(C)CCCc1ccc(C(C)C)cc1,1.0,1.0,1.0,1.0
284,COCCNC(=O)c1c(CSc2ccccc2)noc1C(=O)NCc1ccccc1,0.0,0.0,0.0,0.0
44,CNC(=O)Oc1ccccc1OC(C)C,0.0,0.0,0.0,1.0
443,C=CCc1ccc(OCC)c(OC)c1,0.0,0.0,0.0,0.0
84,C=C(C)[C@H]1CC=C(C)C(=O)C1,0.0,0.0,0.0,0.0
78,O=c1ccc2ccccc2o1,0.0,0.0,0.0,0.0
278,CC(C)NC(=O)c1c(CS(=O)(=O)c2ccc(Cl)cc2)noc1C(=O)NCc1ccccc1,0.0,0.0,0.0,0.0
483,CCOC(=O)C=C(C)C=CCC(C)CCC(OC)C(C)C,1.0,1.0,1.0,1.0
496,CCOC(=O)C=C(C)CCC=C(C)CCC=C(C)C,1.0,1.0,1.0,1.0
131,C#CCCCCCCCCCCC1=C[C@H](C)OC1=O,0.0,0.0,1.0,1.0
170,O=C(O)CCc1nc(-c2ccc(F)cc2)no1,0.0,0.0,0.0,0.0
570,CCOC(=O)C=C1C=C(CC(C)CCCC(C)C)CCC1,0.0,1.0,1.0,1.0
440,Cc1ccc(C(C)C)cc1OC(=O)C(Cl)(Cl)Cl,0.0,0.0,0.0,0.0
502,CCNC(=O)C=C(C)C=CCC(C)CCCC(C)(C)OC,1.0,1.0,1.0,1.0
553,CCOC(=O)C=C(C)CCC=C(C)CCC1OC1(C)C,0.0,1.0,1.0,1.0
493,CCSC(=O)C=C(C)C=CCC(C)CCCC(C)(C)O,1.0,1.0,1.0,1.0
498,CCC(=O)C=C(C)C=CCC(C)CCCC(C)C,1.0,1.0,1.0,1.0
430,Cc1ccc(C(C)C)c(OC(=O)CCl)c1,0.0,0.0,0.0,0.0
177,O=C(O)CCc1nc(-c2ccccc2)no1,0.0,0.0,0.0,0.0
297,COCCNC(=O)c1c(CSc2ccc(Cl)cc2)noc1C(=O)NCc1ccccc1,0.0,0.0,0.0,0.0
632,CCOC(=O)C=C(C)CCC=C(C)CCCC(C)(C)Cl,0.0,1.0,1.0,1.0
538,CCOC(=O)C=C(C)CCCC(C)CCCC(C)(C)C,0.0,1.0,1.0,1.0
415,O[C@@H]1C[C@@H]2C=C[C@H]1C2,0.0,0.0,0.0,0.0
416,OCC[C@@H]1[C@H](CCO)[C@H]2C=C[C@@H]1C2,0.0,0.0,0.0,0.0
347,C=C(C(=O)OC)C(O)c1ccccc1Cl,0.0,0.0,0.0,0.0
120,NC(=S)N/N=C/COc1ccccc1,0.0,0.0,0.0,0.0
304,CCCNC(=O)c1c(CSc2ccc(Cl)cc2)noc1C(=O)NCc1ccccc1,0.0,0.0,0.0,0.0
178,CC(=O)CCc1nc(-c2ccccc2)no1,0.0,0.0,0.0,0.0
427,Cc1ccc(C(C)C)c(O)c1C=O,0.0,0.0,0.0,0.0
9,CC1(C)C(/C=C(\Cl)C(F)(F)F)[C@H]1C(=O)O[C@H](C#N)c1cccc(Oc2ccccc2)c1,1.0,1.0,1.0,1.0
36,C/C(=N\C#N)N(C)Cc1ccc(Cl)nc1,0.0,0.0,1.0,1.0
32,CCOCn1c(-c2ccc(Cl)cc2)c(C#N)c(Br)c1C(F)(F)F,0.0,0.0,1.0,1.0
442,CCC(=O)Oc1cc(C)ccc1C(C)C,0.0,0.0,0.0,0.0
435,CCCCCCCCCC(C)=O,0.0,0.0,0.0,0.0
491,COC(=O)C=C(C)C=CCC(C)CCCC(C)(C)OC,1.0,1.0,1.0,1.0
511,CCOC(=O)C=C(C)C=CCC(C)CCCC(C)CC,0.0,1.0,1.0,1.0
446,CC(=O)Oc1cc(C)ccc1C(C)C,0.0,0.0,0.0,0.0
450,CC(C=CCC(C)CCCC(C)(C)OC(C)C)=CC(=O)OC(C)C,1.0,1.0,1.0,1.0
603,CCOC(=O)C=C(C)C=C(C)CC(C)CCCC(C)C,0.0,0.0,1.0,1.0
285,CC(C)CCNC(=O)c1c(CSc2ccc(Cl)cc2)noc1C(=O)NCc1ccccc1,0.0,0.0,0.0,0.0
532,CCOC(=O)C=C(C=CCC(C)CCCC(C)C)CC,0.0,1.0,1.0,1.0
590,COC(=O)C=C(C)CCC=C(C)CCC1OC1(C)C,0.0,0.0,1.0,1.0
467,CCOC(=O)C=C1C=C(CC(C)CCCC(C)C)CC1,1.0,1.0,1.0,1.0
439,Cc1ccc(C(C)C)c(C=O)c1O,0.0,0.0,0.0,0.0
154,O=C([O-])CCCc1nc(-c2ccc(Cl)cc2)no1,0.0,0.0,0.0,0.0
155,O=C(O)CCCc1nc(-c2ccc(Cl)cc2)no1,0.0,0.0,0.0,0.0
179,COc1ccc(-c2noc(CCCC(=O)O)n2)cc1,0.0,0.0,0.0,0.0
